insert into tp1.carrera values (1, 'Medicina')
insert into tp1.carrera values (2, 'Educación Física')
insert into tp1.carrera values (3, 'Ingeniería Industrial')
insert into tp1.carrera values (4, 'Tecnicatura Web')

insert into tp1.alumno values (1, 'Carlos Alberto García Moreno', 1, 'Tucumán 123', 'Morón', 'Buenos Aires', 1708)
insert into tp1.alumno values (2, 'Juan Pérez', 3, 'Av Juan B Justo 2563', 'Villa Crespo', 'Buenos Aires', 1414 )
insert into tp1.alumno values (3, 'Maria Gonzalez', 3, 'Av Rivadavia 15345', 'Flores', 'Buenos Aires', 1418 )
insert into tp1.alumno values (4, 'Emiliano Zambrano', 4, 'Facundo 2341', 'Nueva', 'Buenos Aires', 1701 )

INSERT INTO tp1.materia (codmat, nombremat, carrera) VALUES (1, 'Anatomía', 1)   
INSERT INTO tp1.materia (codmat, nombremat, carrera) VALUES (2, 'Biología Molecular', 1)   
INSERT INTO tp1.materia (codmat, nombremat, carrera) VALUES (3, 'Genética', 1)    
INSERT INTO tp1.materia (codmat, nombremat, carrera) VALUES (4, 'Fútbol', 2)   
INSERT INTO tp1.materia (codmat, nombremat, carrera) VALUES (5, 'Pedagogía', 2)   
INSERT INTO tp1.materia (codmat, nombremat, carrera) VALUES (6, 'Matemática Discreta', 3)
INSERT INTO tp1.materia (codmat, nombremat, carrera) VALUES (7, 'Análisis Matemático', 3)
INSERT INTO tp1.materia (codmat, nombremat, carrera) VALUES (8, 'Porgramación Web I', 4)
INSERT INTO tp1.materia (codmat, nombremat, carrera) VALUES (9, 'Bases de datos I', 4)
INSERT INTO tp1.materia (codmat, nombremat, carrera) VALUES (10, 'Neurociencia', 1)   
INSERT INTO tp1.materia (codmat, nombremat, carrera) VALUES (11, 'Anatomía II', 1)   
INSERT INTO tp1.materia (codmat, nombremat, carrera) VALUES (12, 'Genética', 1)   
INSERT INTO tp1.materia (codmat, nombremat, carrera) VALUES (13, 'Cirujia', 1)   

insert into tp1.monitor values (1, 1)
insert into tp1.monitor values (1, 1)
insert into tp1.monitor values (2, 6)
insert into tp1.monitor values (2, 7)
insert into tp1.monitor values (3, 6)
insert into tp1.monitor values (3, 7)
insert into tp1.monitor values (4, 8)
insert into tp1.monitor values (4, 9)
insert into tp1.monitor values (1, 10)
insert into tp1.monitor values (1, 11)
insert into tp1.monitor values (1, 12)
insert into tp1.monitor values (1, 23)
	 
insert into tp1.profesor values (1, 'Juan Carlos Fernandez', 'Adjunto', 1)
insert into tp1.profesor values (2, 'Vanesa Rossi', 'Titular', 4)
insert into tp1.profesor values (3, 'Juan Sobrile', 'Suplente', 2)

insert into tp1.nota values (1, 1, '19990101', 6.5)
insert into tp1.nota values (7, 2, '19990906', 2)
insert into tp1.nota values (7, 3, '20140925', 7)
insert into tp1.nota values (2, 1, '19990110', 8)
insert into tp1.nota values (10, 1, '19990110', 7)
insert into tp1.nota values (11, 1, '19990215', 8.5)
insert into tp1.nota values (12, 1, '20000215', 9)
insert into tp1.nota values (13, 1, '20010215', 9)
